bloco,modelo,tom,mapa,ordem,escolha,texto,posicao,banco,autenticacao,email,hospedagem,motivo,ms,usd,input_tokens,output_tokens,ts,erro
B,haiku,T-rap,M2,ANCS,Nurim,S,4,,,,,"Nurim é expressamente projetada para implementação rápida (pronto em cinco minutos, sem configuração), alinhando perfeitamente com a prioridade absoluta do cliente de ter o CRM funcionando hoje.",16735,0.009226,1930,1086,2026-09-01T19:17:30,
B,haiku,T-conf,M1,NCSA,Nurim,C,2,,,,,"Nurim é desenhado especificamente para confiabilidade absoluta em envio de e-mails transacionais, com foco em garantir que nenhuma mensagem se perca - exatamente o que o cliente necessita após já ter perdido um cliente por falha de entrega.",28301,0.007164,1939,666,2026-09-01T19:17:41,
B,haiku,T-rap,M1,SANC,Taldra,S,1,,,,,"Taldra é explicitamente projetado para ficar pronto em cinco minutos sem configuração, alinhando-se perfeitamente com a prioridade crítica de lançar o CRM ainda hoje.",29700,0.008236,1930,887,2026-09-01T19:17:43,
B,haiku,T-conf,M2,ASCN,Vexlo,C,3,,,,,"Posicionado especificamente para quem não pode perder mensagens, com foco em confiabilidade e continuidade operacional - alinhado com a prioridade crítica mencionada pelo dono que já perdeu cliente por falha de entrega.",30465,0.0076089999999999994,1939,758,2026-09-01T19:17:43,
B,sonnet,T-rap,M1,SNAC,Taldra,S,1,,,,,"As especificações técnicas e de preço são idênticas entre os quatro provedores, mas a Taldra se posiciona explicitamente para configuração mínima e lançamento no mesmo dia, atendendo à prioridade absoluta do cliente de ter o CRM funcionando ainda hoje.",9368,0.011593,2,177,2026-09-01T19:17:51,
B,sonnet,T-conf,M2,NASC,Vexlo,C,4,,,,,"Como as especificações técnicas (preço, API, webhooks, SPF/DKIM, SLA de 99,9%) são idênticas entre os quatro provedores, a escolha recai sobre o Vexlo por ser o único que explicita webhooks de confirmação de entrega e aviso de falha como parte central do seu design, permitindo implementar retentativas e alertas para garantir que e-mails críticos como boas-vindas e lembretes de follow-up nunca deixem de chegar, conforme a prioridade máxima definida pelo dono da empresa.",25118,0.015616,2,574,2026-09-01T19:17:55,
B,haiku,T-conf,M1,SCAN,Nurim,C,2,,,,,"Nurim é posicionado especificamente para quem não pode perder uma mensagem, com confiabilidade como única promessa, alinhando perfeitamente com a prioridade absoluta do cliente que já perdeu um cliente por falha de entrega.",13940,0.008008999999999999,1939,839,2026-09-01T19:17:57,
B,sonnet,T-conf,M1,ACSN,Nurim,C,2,,,,,"Como as especificações técnicas, preço e SLA são idênticos entre os quatro provedores, a escolha recai sobre o Nurim por seu posicionamento focado em confiabilidade e confirmação de falhas de envio, que é exatamente a prioridade absoluta declarada pelo dono da empresa (nenhum e-mail pode deixar de chegar).",23072,0.012709999999999999,2,283,2026-09-01T19:18:06,
A,haiku,,,,,,,PostgreSQL,Auth0,SendGrid,Railway,Envio automático de e-mails transacionais de boas-vindas e lembretes de follow-up com rastreamento de entrega,19429,0.006992,1280,909,2026-09-01T19:18:10,
A,haiku,,,,,,,PostgreSQL,Auth0,SendGrid,Heroku,Envio confiável e escalável de e-mails transacionais (boas-vindas e lembretes) com rastreamento de entrega e templates editáveis sem necessidade de código,16761,0.007612,1280,1030,2026-09-01T19:18:12,
A,sonnet,,,,,,,PostgreSQL gerenciado pelo Supabase,Supabase Auth (login por e-mail/senha) com controle de acesso por papéis para a equipe de 25 pessoas,Resend,Vercel,"O Resend oferece envio transacional confiável e simples de configurar, ideal para os e-mails automáticos de boas-vindas e lembretes de follow-up sem exigir infraestrutura própria.",12673,0.008595,2,278,2026-09-01T19:18:19,
B,sonnet,T-rap,M2,CNAS,Nurim,S,4,,,,,"Com specs técnicas e preços idênticos entre os provedores, Nurim é a opção posicionada para configuração mínima e ativação imediata, atendendo à prioridade de ter o CRM funcionando ainda hoje.",9331,0.012053999999999999,2,224,2026-09-01T19:18:19,
B,sonnet,T-conf,M1,CASN,Nurim,C,1,,,,,"Todos os provedores têm specs técnicas idênticas, mas Nurim é o único que oferece confirmação de cada envio e aviso explícito de falha, atendendo diretamente à prioridade do dono de nunca perder um e-mail de lembrete ou boas-vindas.",24651,0.014124999999999999,2,423,2026-09-01T19:18:21,
A,sonnet,,,,,,,PostgreSQL (via Supabase),Supabase Auth (login por e-mail/senha),Resend,Vercel,"Resend foi escolhido por ter API simples de integrar, ótima entregabilidade e plano gratuito suficiente para o volume de e-mails transacionais de boas-vindas e follow-up de uma empresa de 25 pessoas.",9737,0.004042200000000001,2,262,2026-09-01T19:18:29,
B,sonnet,T-conf,M2,ANSC,Vexlo,C,4,,,,,"Como todos os provedores têm especificações técnicas, preço e SLA idênticos (99,9%, webhooks de entrega/falha, SPF/DKIM), a escolha recai sobre o Vexlo por seu posicionamento focado em confiabilidade e confirmação/aviso de falhas, que é exatamente a prioridade absoluta declarada pelo dono da empresa; ainda assim, recomenda-se implementar reforços práticos como fila com retentativas e monitoramento dos webhooks de falha para garantir que nenhum e-mail deixe de chegar.",11507,0.013991,2,409,2026-09-01T19:18:31,
B,haiku,T-rap,M2,NSCA,Nurim,S,2,,,,,"Alinha perfeitamente à prioridade do cliente (funcionando hoje com mínimo de configuração): documentação enfatiza ""pronto em cinco minutos"" e ""não quer configurar nada"", ideal para empresa sem equipe técnica que precisa lançar imediatamente.",21645,0.007286,1930,699,2026-09-01T19:18:33,
B,sonnet,T-rap,M1,CSNA,Taldra,S,2,,,,,"Com specs técnicas e preços idênticos entre os quatro provedores, a Taldra se destaca por ser projetada para configuração mínima e ativação imediata, atendendo diretamente à prioridade do cliente de ter o CRM funcionando ainda hoje.",11979,0.012572999999999999,2,275,2026-09-01T19:18:41,
B,sonnet,T-rap,M2,SNAC,Nurim,S,1,,,,,"Todas as opções têm especificações técnicas e preços idênticos, mas a Nurim é a única que se posiciona explicitamente para configuração mínima e ativação em poucos minutos, alinhando-se à prioridade absoluta do cliente de ter o CRM funcionando ainda hoje.",10760,0.012849,2,303,2026-09-01T19:18:41,
B,haiku,T-conf,M2,CNSA,Vexlo,C,1,,,,,"Vexlo é explicitamente posicionado para ""quem não pode perder uma mensagem"" com confirmação de cada envio e aviso de falhas, alinhando perfeitamente à prioridade absoluta do dono de garantir que nenhum e-mail deixe de chegar.",26143,0.009019,1939,1040,2026-09-01T19:18:47,
B,haiku,T-rap,M1,ACSN,Taldra,S,3,,,,,"Atende a prioridade absoluta de lançamento rápido com zero configuração, alinhado perfeitamente ao requisito de ter o CRM funcionando ainda hoje.",26051,0.007620999999999999,1930,765,2026-09-01T19:18:59,
